Target,Altadill_Judit,Arderius_Elvira,Beneito_Satorres,Bonjoch_Sara,Colomer_Sandra,Juan_Magdalena,Mor_Polo
Altadill_Judit,1,0.5677083333,0.5505716799,0.5578358209,0.546,0.5912897822,0.5095320624
Arderius_Elvira,0.5677083333,1,0.5508684864,0.5541958042,0.5074626866,0.5813586098,0.5138662316
Beneito_Satorres,0.5505716799,0.5508684864,1,0.5491585474,0.5108798486,0.5579536371,0.4855491329
Bonjoch_Sara,0.5578358209,0.5541958042,0.5491585474,1,0.5100806452,0.544688027,0.5322862129
Colomer_Sandra,0.546,0.5074626866,0.5108798486,0.5100806452,1,0.4847396768,0.4841713222
Juan_Magdalena,0.5912897822,0.5813586098,0.5579536371,0.544688027,0.4847396768,1,0.5362776025
Mor_Polo,0.5095320624,0.5138662316,0.4855491329,0.5322862129,0.4841713222,0.5362776025,1
